<?xml version="1.0" encoding="UTF-8" standalone="yes"?>
<addon id="script.doorbell"
       name="Doorbell"
       version="0.6.9"
       provider-name="Doobiest">
  <requires>
    <import addon="xbmc.python" version="2.0"/>
    <import addon="script.module.simplejson" version="2.0.9"/>
  </requires>
  <extension point="xbmc.python.script"
             library="doorbell.py">
    <provides>executable</provides>
    <provides>image</provides>
    <provides>video</provides>
  </extension>
  <extension point="xbmc.addon.metadata">
    <platform>all</platform>
    <summary lang="en">Doorbell Camera</summary>
    <description lang="en">Doorbell Camera</description>
  </extension>
</addon>